<?xml version="1.0" encoding="UTF-8"?>
<coverity>

<!-- Generated by: cov-internal-capture-files -->
<config><include>/Users/khp/Documents/E2E_Demo_githubAction/Runners/actions-runner/_work/E2E_demo/E2E_demo/.bridge/polaris_coverity_capture/2025.12.0/idir/coverity-cli/buildless-compiler-configs/coverity_config.xml</include></config>
<config><prevent><dir>/Users/khp/Documents/E2E_Demo_githubAction/Runners/actions-runner/_work/E2E_demo/E2E_demo/.bridge/polaris_coverity_capture/2025.12.0/idir</dir></prevent></config>
<config><prevent><emit_options><record_with_source>true</record_with_source></emit_options></prevent></config>
</coverity>

