{
  "formatVersion": "0.5.0",
  "detectVersion": "10.4.0",
  "projectName": "owasp-nodejs-goat",
  "projectVersion": "1.3.0",
  "detectors": [
    {
      "folder": "/Users/khp/Documents/E2E_Demo_githubAction/Runners/actions-runner/_work/E2E_demo/E2E_demo",
      "detectorType": "NPM",
      "detectorName": "NPM Package Lock",
      "detectorAccuracy": "HIGH",
      "extracted": true,
      "status": "SUCCESS",
      "statusCode": "PASSED",
      "statusReason": "Passed",
      "relevantFiles": [],
      "explanations": [
        "Found file: /Users/khp/Documents/E2E_Demo_githubAction/Runners/actions-runner/_work/E2E_demo/E2E_demo/package-lock.json",
        "Found file: /Users/khp/Documents/E2E_Demo_githubAction/Runners/actions-runner/_work/E2E_demo/E2E_demo/package.json"
      ],
      "projectName": "owasp-nodejs-goat",
      "projectVersion": "1.3.0",
      "codeLocationCount": 1
    },
    {
      "folder": "/Users/khp/Documents/E2E_Demo_githubAction/Runners/actions-runner/_work/E2E_demo/E2E_demo",
      "detectorType": "GIT",
      "detectorName": "Git",
      "detectorAccuracy": "HIGH",
      "extracted": true,
      "status": "SUCCESS",
      "statusCode": "PASSED",
      "statusReason": "Passed",
      "relevantFiles": [],
      "explanations": [
        "Found file: /Users/khp/Documents/E2E_Demo_githubAction/Runners/actions-runner/_work/E2E_demo/E2E_demo/.git",
        "Found executable: /usr/local/bin/git"
      ],
      "projectName": "khp-jpg/E2E_demo",
      "projectVersion": "master",
      "codeLocationCount": 0
    }
  ],
  "status": [
    {
      "key": "GIT",
      "status": "SUCCESS"
    },
    {
      "key": "NPM",
      "status": "SUCCESS"
    }
  ],
  "issues": [],
  "overallStatus": [
    {
      "key": "SUCCESS",
      "status": "Detect exited successfully."
    }
  ],
  "results": [
    {
      "location": "/Users/khp/Documents/E2E_Demo_githubAction/Runners/actions-runner/_work/E2E_demo/E2E_demo/.bridge/polaris_sca_package_manager_scan/detect/runs/2026-02-05-09-29-17-749/scan/components-with-locations.json",
      "message": "Component Location Analysis File: /Users/khp/Documents/E2E_Demo_githubAction/Runners/actions-runner/_work/E2E_demo/E2E_demo/.bridge/polaris_sca_package_manager_scan/detect/runs/2026-02-05-09-29-17-749/scan/components-with-locations.json",
      "sub_messages": []
    }
  ],
  "unrecognizedPaths": {},
  "codeLocations": [],
  "propertyValues": {
    "blackduck.offline.mode": "true",
    "blackduck.offline.mode.force.bdio": "true",
    "detect.bdio.file.name": "scan",
    "detect.bdio.output.path": "/Users/khp/Documents/E2E_Demo_githubAction/Runners/actions-runner/_work/E2E_demo/E2E_demo/.bridge/polaris_sca_package_manager_scan/detect/bdio/blackduck_artifact",
    "detect.cleanup": "false",
    "detect.component.location.analysis.enabled": "true",
    "detect.diagnostic": "true",
    "detect.excluded.directories": "/Users/khp/Documents/E2E_Demo_githubAction/Runners/actions-runner/_work/E2E_demo/E2E_demo/.bridge",
    "detect.output.path": "/Users/khp/Documents/E2E_Demo_githubAction/Runners/actions-runner/_work/E2E_demo/E2E_demo/.bridge/polaris_sca_package_manager_scan/detect",
    "detect.source.path": "/Users/khp/Documents/E2E_Demo_githubAction/Runners/actions-runner/_work/E2E_demo/E2E_demo",
    "detect.tools": "DETECTOR"
  },
  "operations": [
    {
      "startTimestamp": "2026-02-05 09:29:18.374",
      "endTimestamp": "2026-02-05 09:29:19.566",
      "descriptionKey": "Execute Detectors",
      "status": "SUCCESS"
    },
    {
      "startTimestamp": "2026-02-05 09:29:19.570",
      "endTimestamp": "2026-02-05 09:29:21.499",
      "descriptionKey": "SubProject Aggregate",
      "status": "SUCCESS"
    },
    {
      "startTimestamp": "2026-02-05 09:29:23.153",
      "endTimestamp": "2026-02-05 09:29:33.096",
      "descriptionKey": "Generating Component Location Analysis File for All Components",
      "status": "SUCCESS"
    }
  ]
}