<?xml version="1.0" encoding="UTF-8"?>
<!DOCTYPE coverity SYSTEM "coverity_config.dtd">
<coverity>
<!-- THIS FILE IS AUTOMATICALLY GENERATED - YOU MAY ADD XML ENTITIES -->
<!-- TO UPDATE THE COMPILER CONFIGURATION AFTER THE begin_command_line_config CLOSING TAG. -->
    <cit_version>1</cit_version>
    <config>
      <build>
        <compiler>
          <template_compiler>true</template_compiler>
          <comp_name>gcc</comp_name>
          <comp_translator>clangcc</comp_translator>
          <comp_lang>C</comp_lang>
          <comp_generic>clang</comp_generic>
          <comp_autodetect_type>clangcc:android</comp_autodetect_type>
          <comp_autodetect_type>clangcc:apple</comp_autodetect_type>
          <comp_autodetect_type>clangcc:llvm</comp_autodetect_type>
          <comp_is_redirect>true</comp_is_redirect>
        </compiler>
        <options>
          <id>clangcc-gcc-.*</id>
          <opt_preinclude_file>$CONFIGDIR$/../user_nodefs.h</opt_preinclude_file>
          <begin_command_line_config></begin_command_line_config>
        </options>
        <options>
          <id>clangcxx-gcc-.*</id>
          <opt_preinclude_file>$CONFIGDIR$/../user_nodefs.h</opt_preinclude_file>
          <begin_command_line_config></begin_command_line_config>
        </options>
        <options>
          <id>clangcxxcc-gcc-.*</id>
          <opt_preinclude_file>$CONFIGDIR$/../user_nodefs.h</opt_preinclude_file>
          <begin_command_line_config></begin_command_line_config>
        </options>
        <options>
          <id>clangobjc-gcc-.*</id>
          <opt_preinclude_file>$CONFIGDIR$/../user_nodefs.h</opt_preinclude_file>
          <begin_command_line_config></begin_command_line_config>
        </options>
        <options>
          <id>clangobjcxx-gcc-.*</id>
          <opt_preinclude_file>$CONFIGDIR$/../user_nodefs.h</opt_preinclude_file>
          <begin_command_line_config></begin_command_line_config>
        </options>
      </build>
    </config>
    <md5>b8e003ba6bbec3052da4999ada09ed1d</md5>
</coverity>

